,open,high,low,close,adjclose,volume,ticker
2019-09-25,26.25,26.709999084472656,24.799999237060547,25.299999237060547,25.299999237060547,20379644,TMV.DE
2019-09-26,25.209999084472656,25.389999389648438,23.350000381469727,23.420000076293945,23.420000076293945,4793818,TMV.DE
2019-09-27,23.600000381469727,24.780000686645508,22.90999984741211,24.100000381469727,24.100000381469727,2314464,TMV.DE
2019-09-30,24.489999771118164,24.700000762939453,24.170000076293945,24.690000534057617,24.690000534057617,1072712,TMV.DE
2019-10-01,24.959999084472656,25.700000762939453,24.860000610351562,25.5,25.5,988476,TMV.DE
2019-10-02,25.700000762939453,25.700000762939453,24.850000381469727,25.030000686645508,25.030000686645508,874664,TMV.DE
2019-10-04,25.139999389648438,25.399999618530273,24.399999618530273,24.56999969482422,24.56999969482422,620494,TMV.DE
2019-10-07,24.75,25.15999984741211,23.56999969482422,23.75,23.75,603631,TMV.DE
2019-10-08,23.6299991607666,23.889999389648438,22.75,22.75,22.75,517849,TMV.DE
2019-10-09,22.610000610351562,22.889999389648438,21.3799991607666,21.799999237060547,21.799999237060547,513059,TMV.DE
2019-10-10,22.270000457763672,22.43000030517578,21.90999984741211,22.399999618530273,22.399999618530273,313813,TMV.DE
2019-10-11,22.649999618530273,23.65999984741211,22.6200008392334,23.200000762939453,23.200000762939453,409729,TMV.DE
2019-10-14,23.459999084472656,23.799999237060547,23.25,23.760000228881836,23.760000228881836,192768,TMV.DE
2019-10-15,23.959999084472656,24.309999465942383,23.899999618530273,24.170000076293945,24.170000076293945,122309,TMV.DE
2019-10-16,24.25,24.5,24.219999313354492,24.299999237060547,24.299999237060547,74628,TMV.DE
2019-10-17,24.360000610351562,24.690000534057617,24.15999984741211,24.15999984741211,24.15999984741211,114000,TMV.DE
2019-10-18,24.18000030517578,24.459999084472656,23.950000762939453,24.100000381469727,24.100000381469727,90700,TMV.DE
2019-10-21,24.3799991607666,24.399999618530273,23.93000030517578,23.93000030517578,23.93000030517578,50613,TMV.DE
2019-10-22,24.200000762939453,24.280000686645508,23.799999237060547,23.850000381469727,23.850000381469727,95655,TMV.DE
2019-10-23,23.8799991607666,24.0,23.489999771118164,23.489999771118164,23.489999771118164,104284,TMV.DE
2019-10-24,23.530000686645508,23.600000381469727,22.520000457763672,23.049999237060547,23.049999237060547,237558,TMV.DE
2019-10-25,23.0,23.09000015258789,22.530000686645508,22.530000686645508,22.530000686645508,99781,TMV.DE
2019-10-28,22.790000915527344,23.229999542236328,22.719999313354492,23.149999618530273,23.149999618530273,85530,TMV.DE
2019-10-29,23.06999969482422,23.579999923706055,23.06999969482422,23.5,23.5,108422,TMV.DE
2019-10-30,23.6200008392334,23.75,23.450000762939453,23.559999465942383,23.559999465942383,86349,TMV.DE
2019-10-31,23.790000915527344,23.799999237060547,23.549999237060547,23.65999984741211,23.65999984741211,138677,TMV.DE
2019-11-01,23.799999237060547,24.399999618530273,23.6200008392334,24.209999084472656,24.209999084472656,93541,TMV.DE
2019-11-04,24.899999618530273,24.899999618530273,24.299999237060547,24.709999084472656,24.709999084472656,280970,TMV.DE
2019-11-05,24.760000228881836,24.760000228881836,24.219999313354492,24.309999465942383,24.309999465942383,176676,TMV.DE
2019-11-06,24.610000610351562,24.780000686645508,24.219999313354492,24.549999237060547,24.549999237060547,181031,TMV.DE
2019-11-07,24.690000534057617,25.100000381469727,24.549999237060547,25.0,25.0,132811,TMV.DE
2019-11-08,25.09000015258789,25.40999984741211,24.81999969482422,25.100000381469727,25.100000381469727,86413,TMV.DE
2019-11-11,26.0,27.0,25.610000610351562,26.0,26.0,874746,TMV.DE
2019-11-12,26.530000686645508,26.899999618530273,26.31999969482422,26.56999969482422,26.56999969482422,612892,TMV.DE
2019-11-13,26.93000030517578,27.479999542236328,26.3799991607666,26.649999618530273,26.649999618530273,416513,TMV.DE
2019-11-14,26.809999465942383,26.84000015258789,25.709999084472656,25.799999237060547,25.799999237060547,291119,TMV.DE
2019-11-15,25.920000076293945,26.360000610351562,25.829999923706055,26.0,26.0,223758,TMV.DE
2019-11-18,26.15999984741211,26.15999984741211,24.850000381469727,24.860000610351562,24.860000610351562,272835,TMV.DE
2019-11-19,25.100000381469727,25.649999618530273,24.8799991607666,25.5,25.5,324870,TMV.DE
2019-11-20,25.559999465942383,25.65999984741211,24.329999923706055,24.579999923706055,24.579999923706055,243424,TMV.DE
2019-11-21,24.65999984741211,24.850000381469727,24.239999771118164,24.670000076293945,24.670000076293945,188285,TMV.DE
2019-11-22,24.770000457763672,25.510000228881836,24.670000076293945,25.030000686645508,25.030000686645508,143080,TMV.DE
2019-11-25,25.09000015258789,25.450000762939453,25.049999237060547,25.260000228881836,25.260000228881836,135850,TMV.DE
2019-11-26,25.450000762939453,25.479999542236328,24.93000030517578,25.209999084472656,25.209999084472656,184461,TMV.DE
2019-11-27,25.5,25.81999969482422,25.350000381469727,25.75,25.75,272377,TMV.DE
2019-11-28,25.950000762939453,26.030000686645508,25.770000457763672,25.899999618530273,25.899999618530273,201435,TMV.DE
2019-11-29,25.979999542236328,25.989999771118164,25.670000076293945,25.93000030517578,25.93000030517578,280858,TMV.DE
2019-12-02,26.18000030517578,26.200000762939453,25.399999618530273,25.469999313354492,25.469999313354492,273553,TMV.DE
2019-12-03,25.899999618530273,25.979999542236328,25.020000457763672,25.280000686645508,25.280000686645508,299867,TMV.DE
2019-12-04,25.56999969482422,26.020000457763672,25.360000610351562,26.020000457763672,26.020000457763672,290654,TMV.DE
2019-12-05,26.299999237060547,26.299999237060547,25.81999969482422,25.889999389648438,25.889999389648438,318537,TMV.DE
2019-12-06,26.0,26.299999237060547,25.920000076293945,26.280000686645508,26.280000686645508,319641,TMV.DE
2019-12-09,26.700000762939453,27.110000610351562,26.549999237060547,27.110000610351562,27.110000610351562,501930,TMV.DE
2019-12-10,27.260000228881836,27.950000762939453,27.100000381469727,27.950000762939453,27.950000762939453,581495,TMV.DE
2019-12-11,28.079999923706055,29.440000534057617,28.049999237060547,28.889999389648438,28.889999389648438,806963,TMV.DE
2019-12-12,29.200000762939453,29.25,28.40999984741211,28.799999237060547,28.799999237060547,370970,TMV.DE
2019-12-13,29.040000915527344,29.100000381469727,28.479999542236328,28.540000915527344,28.540000915527344,234672,TMV.DE
2019-12-16,28.899999618530273,29.049999237060547,28.700000762939453,29.049999237060547,29.049999237060547,326151,TMV.DE
2019-12-17,29.200000762939453,29.59000015258789,29.030000686645508,29.459999084472656,29.459999084472656,360412,TMV.DE
2019-12-18,29.5,29.989999771118164,29.350000381469727,29.790000915527344,29.790000915527344,377597,TMV.DE
2019-12-19,30.0,30.100000381469727,29.399999618530273,29.899999618530273,29.899999618530273,280605,TMV.DE
2019-12-20,29.899999618530273,30.559999465942383,29.690000534057617,30.270000457763672,30.270000457763672,1862880,TMV.DE
2019-12-23,30.350000381469727,31.360000610351562,30.299999237060547,30.989999771118164,30.989999771118164,320222,TMV.DE
2019-12-27,31.510000228881836,32.9900016784668,31.510000228881836,32.650001525878906,32.650001525878906,489589,TMV.DE
2019-12-30,33.0,33.150001525878906,31.600000381469727,31.8799991607666,31.8799991607666,372699,TMV.DE
2020-01-02,32.02000045776367,32.099998474121094,31.1200008392334,31.329999923706055,31.329999923706055,487318,TMV.DE
2020-01-03,31.350000381469727,31.520000457763672,30.190000534057617,30.510000228881836,30.510000228881836,533744,TMV.DE
2020-01-06,30.059999465942383,30.350000381469727,28.8799991607666,29.399999618530273,29.399999618530273,637590,TMV.DE
2020-01-07,29.809999465942383,30.0,28.920000076293945,29.530000686645508,29.530000686645508,534573,TMV.DE
2020-01-08,29.200000762939453,30.079999923706055,29.110000610351562,29.729999542236328,29.729999542236328,224501,TMV.DE
2020-01-09,30.450000762939453,30.81999969482422,29.860000610351562,30.6299991607666,30.6299991607666,408300,TMV.DE
2020-01-10,30.889999389648438,31.75,30.81999969482422,31.219999313354492,31.219999313354492,246029,TMV.DE
2020-01-13,31.309999465942383,32.849998474121094,30.850000381469727,30.93000030517578,30.93000030517578,503673,TMV.DE
2020-01-14,31.0,31.010000228881836,30.170000076293945,30.610000610351562,30.610000610351562,379198,TMV.DE
2020-01-15,30.760000228881836,31.90999984741211,30.68000030517578,31.799999237060547,31.799999237060547,631394,TMV.DE
2020-01-16,32.04999923706055,33.04999923706055,32.0,32.09000015258789,32.09000015258789,621537,TMV.DE
2020-01-17,32.47999954223633,32.630001068115234,32.0,32.0,32.0,343763,TMV.DE
2020-01-20,32.099998474121094,32.380001068115234,31.6299991607666,31.829999923706055,31.829999923706055,275397,TMV.DE
2020-01-21,31.5,32.04999923706055,31.270000457763672,32.04999923706055,32.04999923706055,414992,TMV.DE
2020-01-22,32.099998474121094,33.0,32.0099983215332,33.0,33.0,411633,TMV.DE
2020-01-23,32.9900016784668,33.040000915527344,32.060001373291016,32.189998626708984,32.189998626708984,317071,TMV.DE
2020-01-24,32.70000076293945,33.22999954223633,32.5099983215332,32.869998931884766,32.869998931884766,244305,TMV.DE
2020-01-27,32.400001525878906,32.650001525878906,31.700000762939453,31.950000762939453,31.950000762939453,237329,TMV.DE
2020-01-28,32.130001068115234,32.18000030517578,31.149999618530273,31.780000686645508,31.780000686645508,403654,TMV.DE
2020-01-29,31.770000457763672,32.619998931884766,31.770000457763672,32.31999969482422,32.31999969482422,310694,TMV.DE
2020-01-30,31.850000381469727,32.599998474121094,31.850000381469727,32.279998779296875,32.279998779296875,301157,TMV.DE
2020-01-31,32.599998474121094,33.02000045776367,32.02000045776367,32.40999984741211,32.40999984741211,541266,TMV.DE
2020-02-03,32.290000915527344,32.61000061035156,31.219999313354492,31.770000457763672,31.770000457763672,495699,TMV.DE
2020-02-04,32.20000076293945,32.9900016784668,32.099998474121094,32.7599983215332,32.7599983215332,381743,TMV.DE
2020-02-05,32.900001525878906,32.9900016784668,32.130001068115234,32.720001220703125,32.720001220703125,471406,TMV.DE
2020-02-06,32.900001525878906,32.939998626708984,31.709999084472656,31.899999618530273,31.899999618530273,596551,TMV.DE
2020-02-07,32.400001525878906,32.400001525878906,31.350000381469727,31.600000381469727,31.600000381469727,417246,TMV.DE
2020-02-10,32.400001525878906,32.54999923706055,29.260000228881836,31.739999771118164,31.739999771118164,1802374,TMV.DE
2020-02-11,31.899999618530273,32.720001220703125,31.799999237060547,32.38999938964844,32.38999938964844,794279,TMV.DE
2020-02-12,32.5,32.939998626708984,32.33000183105469,32.380001068115234,32.380001068115234,452735,TMV.DE
2020-02-13,32.65999984741211,32.75,31.729999542236328,32.099998474121094,32.099998474121094,397840,TMV.DE
2020-02-14,32.29999923706055,32.4900016784668,31.6200008392334,31.920000076293945,31.920000076293945,401062,TMV.DE
2020-02-17,32.0,32.04999923706055,31.40999984741211,31.700000762939453,31.700000762939453,267295,TMV.DE
2020-02-18,31.450000762939453,31.760000228881836,31.06999969482422,31.18000030517578,31.18000030517578,423692,TMV.DE
2020-02-19,31.200000762939453,31.639999389648438,30.850000381469727,31.530000686645508,31.530000686645508,494852,TMV.DE
2020-02-20,31.559999465942383,31.600000381469727,30.579999923706055,30.600000381469727,30.600000381469727,440799,TMV.DE
2020-02-21,30.59000015258789,30.59000015258789,29.989999771118164,30.040000915527344,30.040000915527344,501257,TMV.DE
2020-02-24,29.0,30.299999237060547,27.149999618530273,30.010000228881836,30.010000228881836,1244391,TMV.DE
2020-02-25,30.100000381469727,30.229999542236328,28.600000381469727,29.100000381469727,29.100000381469727,723395,TMV.DE
2020-02-26,28.40999984741211,29.520000457763672,28.270000457763672,29.100000381469727,29.100000381469727,664679,TMV.DE
2020-02-27,29.0,30.190000534057617,28.5,29.8799991607666,29.8799991607666,977020,TMV.DE
2020-02-28,28.90999984741211,32.400001525878906,28.739999771118164,32.150001525878906,32.150001525878906,1586568,TMV.DE
2020-03-02,33.0,35.81999969482422,32.40999984741211,35.689998626708984,35.689998626708984,2161773,TMV.DE
2020-03-03,37.060001373291016,37.22999954223633,33.29999923706055,34.939998626708984,34.939998626708984,1616498,TMV.DE
2020-03-04,33.099998474121094,34.25,32.560001373291016,34.25,34.25,2467556,TMV.DE
2020-03-05,34.5,35.31999969482422,34.27000045776367,35.02000045776367,35.02000045776367,1221096,TMV.DE
2020-03-06,34.52000045776367,34.9900016784668,32.04999923706055,33.16999816894531,33.16999816894531,1294695,TMV.DE
2020-03-09,30.399999618530273,31.81999969482422,29.360000610351562,31.09000015258789,31.09000015258789,1128764,TMV.DE
2020-03-10,31.399999618530273,31.65999984741211,28.899999618530273,29.06999969482422,29.06999969482422,941631,TMV.DE
2020-03-11,29.299999237060547,30.06999969482422,28.959999084472656,29.239999771118164,29.239999771118164,839149,TMV.DE
2020-03-12,27.059999465942383,27.719999313354492,25.110000610351562,25.770000457763672,25.770000457763672,1270043,TMV.DE
2020-03-13,27.0,27.899999618530273,25.299999237060547,26.010000228881836,26.010000228881836,732364,TMV.DE
2020-03-16,26.219999313354492,27.389999389648438,22.299999237060547,26.3799991607666,26.3799991607666,1029840,TMV.DE
2020-03-17,27.850000381469727,27.90999984741211,24.010000228881836,24.809999465942383,24.809999465942383,715240,TMV.DE
2020-03-18,25.0,26.0,24.850000381469727,25.530000686645508,25.530000686645508,772484,TMV.DE
2020-03-19,27.0,30.469999313354492,25.850000381469727,29.559999465942383,29.559999465942383,979638,TMV.DE
2020-03-20,31.799999237060547,33.119998931884766,29.200000762939453,30.469999313354492,30.469999313354492,4743100,TMV.DE
2020-03-23,29.75,30.639999389648438,28.6200008392334,29.510000228881836,29.510000228881836,782679,TMV.DE
2020-03-24,32.5,33.400001525878906,30.860000610351562,31.6299991607666,31.6299991607666,1053011,TMV.DE
2020-03-25,33.20000076293945,33.25,30.0,31.700000762939453,31.700000762939453,772612,TMV.DE
2020-03-26,31.799999237060547,33.90999984741211,31.520000457763672,33.90999984741211,33.90999984741211,552179,TMV.DE
2020-03-27,33.93000030517578,34.59000015258789,33.439998626708984,34.5,34.5,565978,TMV.DE
2020-03-30,34.970001220703125,36.9900016784668,34.849998474121094,36.79999923706055,36.79999923706055,663230,TMV.DE
2020-03-31,37.13999938964844,38.65999984741211,35.619998931884766,36.38999938964844,36.38999938964844,810464,TMV.DE
2020-04-01,35.755001068115234,37.4900016784668,33.88999938964844,37.400001525878906,37.400001525878906,776199,TMV.DE
2020-04-02,37.23500061035156,38.75,35.904998779296875,38.39500045776367,38.39500045776367,529738,TMV.DE
2020-04-03,38.564998626708984,39.400001525878906,37.255001068115234,38.91999816894531,38.91999816894531,543634,TMV.DE
2020-04-06,40.08000183105469,40.400001525878906,36.86000061035156,37.1349983215332,37.1349983215332,739570,TMV.DE
2020-04-07,37.900001525878906,38.060001373291016,34.099998474121094,35.4900016784668,35.4900016784668,1211692,TMV.DE
2020-04-08,35.0,37.650001525878906,34.970001220703125,37.599998474121094,37.599998474121094,623917,TMV.DE
2020-04-09,37.82500076293945,38.0,35.89500045776367,36.75,36.75,549987,TMV.DE
2020-04-14,37.7400016784668,38.30500030517578,37.25,38.30500030517578,38.30500030517578,626729,TMV.DE
2020-04-15,38.0,39.849998474121094,37.439998626708984,39.43000030517578,39.43000030517578,693059,TMV.DE
2020-04-16,39.70500183105469,41.09000015258789,38.744998931884766,40.94499969482422,40.94499969482422,613401,TMV.DE
2020-04-17,41.51499938964844,41.529998779296875,38.65999984741211,39.75,39.75,881321,TMV.DE
2020-04-20,40.1349983215332,41.95500183105469,40.02000045776367,41.875,41.875,541240,TMV.DE
2020-04-21,41.68000030517578,41.94499969482422,39.16999816894531,39.16999816894531,39.16999816894531,539752,TMV.DE
2020-04-22,39.744998931884766,42.58000183105469,39.5,42.17499923706055,42.17499923706055,700587,TMV.DE
2020-04-23,42.529998779296875,42.71500015258789,41.35499954223633,41.7599983215332,41.7599983215332,562615,TMV.DE
2020-04-24,41.40999984741211,42.17499923706055,40.77000045776367,41.6349983215332,41.6349983215332,356132,TMV.DE
2020-04-27,42.0,43.400001525878906,41.654998779296875,42.005001068115234,42.005001068115234,517548,TMV.DE
2020-04-28,42.36000061035156,43.279998779296875,41.0,41.34000015258789,41.34000015258789,436902,TMV.DE
2020-04-29,41.6150016784668,42.0,39.529998779296875,39.82500076293945,39.82500076293945,711710,TMV.DE
2020-04-30,40.0,40.5099983215332,37.23500061035156,39.599998474121094,39.599998474121094,747889,TMV.DE
2020-05-04,39.41999816894531,40.77000045776367,38.505001068115234,40.31999969482422,40.31999969482422,524416,TMV.DE
2020-05-05,40.900001525878906,41.529998779296875,40.5,41.529998779296875,41.529998779296875,494094,TMV.DE
2020-05-06,42.165000915527344,43.17499923706055,41.71500015258789,42.71500015258789,42.71500015258789,466326,TMV.DE
2020-05-07,43.869998931884766,44.79999923706055,42.540000915527344,43.2599983215332,43.2599983215332,626657,TMV.DE
2020-05-08,43.5,43.849998474121094,42.560001373291016,42.65999984741211,42.65999984741211,379925,TMV.DE
2020-05-11,43.28499984741211,44.19499969482422,42.48500061035156,43.0,43.0,923214,TMV.DE
2020-05-12,42.994998931884766,44.97999954223633,40.6150016784668,44.0,44.0,1287447,TMV.DE
2020-05-13,43.775001525878906,45.650001525878906,42.939998626708984,45.15999984741211,45.15999984741211,1030966,TMV.DE
2020-05-14,41.79999923706055,42.95000076293945,40.72999954223633,41.5,41.5,3705147,TMV.DE
2020-05-15,42.29999923706055,42.654998779296875,41.255001068115234,42.42499923706055,42.42499923706055,974081,TMV.DE
2020-05-18,43.0,43.29999923706055,41.82500076293945,41.96500015258789,41.96500015258789,1812433,TMV.DE
2020-05-19,42.45000076293945,42.54999923706055,40.900001525878906,42.54999923706055,42.54999923706055,1235822,TMV.DE
2020-05-20,42.75,44.165000915527344,42.439998626708984,43.55500030517578,43.55500030517578,860313,TMV.DE
2020-05-21,43.720001220703125,44.36000061035156,43.44499969482422,43.75,43.75,435210,TMV.DE
2020-05-22,43.494998931884766,45.755001068115234,43.20000076293945,44.70000076293945,44.70000076293945,978709,TMV.DE
2020-05-25,45.7599983215332,46.040000915527344,45.15999984741211,45.8849983215332,45.8849983215332,729469,TMV.DE
2020-05-26,46.279998779296875,47.75,44.83000183105469,45.21500015258789,45.21500015258789,854089,TMV.DE
2020-05-27,44.880001068115234,45.150001525878906,41.529998779296875,42.41999816894531,42.41999816894531,1874812,TMV.DE
2020-05-28,42.845001220703125,44.400001525878906,42.5099983215332,44.310001373291016,44.310001373291016,1078255,TMV.DE
2020-05-29,44.290000915527344,45.939998626708984,43.130001068115234,45.755001068115234,45.755001068115234,12431312,TMV.DE
2020-06-02,46.814998626708984,48.06999969482422,46.3849983215332,48.06999969482422,48.06999969482422,1404338,TMV.DE
2020-06-03,48.224998474121094,48.494998931884766,46.435001373291016,46.6349983215332,46.6349983215332,878848,TMV.DE
2020-06-04,46.599998474121094,47.0,45.56999969482422,46.165000915527344,46.165000915527344,787059,TMV.DE
2020-06-05,45.400001525878906,45.400001525878906,43.255001068115234,43.525001525878906,43.525001525878906,1273152,TMV.DE
2020-06-08,43.540000915527344,43.7400016784668,41.25,43.400001525878906,43.400001525878906,1035363,TMV.DE
2020-06-09,43.40999984741211,45.0,42.82500076293945,44.01499938964844,44.01499938964844,735675,TMV.DE
2020-06-10,44.560001373291016,44.86000061035156,43.400001525878906,44.16999816894531,44.16999816894531,636049,TMV.DE
2020-06-11,43.88999938964844,44.79999923706055,43.349998474121094,43.54999923706055,43.54999923706055,451758,TMV.DE
2020-06-12,43.20000076293945,43.29999923706055,41.84000015258789,42.529998779296875,42.529998779296875,579343,TMV.DE
2020-06-15,42.27000045776367,44.29999923706055,41.93000030517578,43.459999084472656,43.459999084472656,652342,TMV.DE
2020-06-16,44.54999923706055,45.38999938964844,43.11000061035156,45.369998931884766,45.369998931884766,526119,TMV.DE
2020-06-17,45.400001525878906,46.5,45.16999816894531,46.310001373291016,46.310001373291016,622856,TMV.DE
2020-06-18,46.29999923706055,47.45000076293945,46.119998931884766,47.04999923706055,47.04999923706055,455316,TMV.DE
2020-06-19,47.189998626708984,47.880001068115234,46.810001373291016,47.439998626708984,47.439998626708984,1497136,TMV.DE
2020-06-22,47.130001068115234,47.459999084472656,45.77000045776367,47.400001525878906,47.400001525878906,465837,TMV.DE
2020-06-23,47.70000076293945,48.36000061035156,46.630001068115234,47.619998931884766,47.619998931884766,507581,TMV.DE
2020-06-24,47.70000076293945,48.2599983215332,46.7400016784668,47.7400016784668,47.7400016784668,398660,TMV.DE
2020-06-25,47.599998474121094,48.77000045776367,46.7400016784668,48.09000015258789,48.09000015258789,709783,TMV.DE
2020-06-26,48.41999816894531,48.52000045776367,47.060001373291016,47.63999938964844,47.63999938964844,641334,TMV.DE
2020-06-29,47.83000183105469,47.83000183105469,45.0099983215332,45.86000061035156,45.86000061035156,726566,TMV.DE
2020-06-30,46.5099983215332,48.779998779296875,46.220001220703125,48.599998474121094,48.599998474121094,753679,TMV.DE
2020-07-01,48.79999923706055,49.470001220703125,48.25,49.470001220703125,49.470001220703125,440183,TMV.DE
2020-07-02,49.599998474121094,51.63999938964844,49.0,51.20000076293945,51.20000076293945,811752,TMV.DE
2020-07-03,51.20000076293945,52.31999969482422,51.08000183105469,51.47999954223633,51.47999954223633,434531,TMV.DE
2020-07-06,52.47999954223633,52.959999084472656,51.0,51.65999984741211,51.65999984741211,498756,TMV.DE
2020-07-07,51.65999984741211,52.060001373291016,50.560001373291016,51.86000061035156,51.86000061035156,528906,TMV.DE
2020-07-08,52.0,53.20000076293945,51.08000183105469,51.70000076293945,51.70000076293945,820967,TMV.DE
2020-07-09,52.279998779296875,54.86000061035156,51.7599983215332,53.619998931884766,53.619998931884766,695339,TMV.DE
2020-07-10,53.13999938964844,53.560001373291016,51.13999938964844,51.18000030517578,51.18000030517578,668452,TMV.DE
2020-07-13,52.0,52.7400016784668,51.119998931884766,51.439998626708984,51.439998626708984,457477,TMV.DE
2020-07-14,50.41999816894531,50.5,49.02000045776367,50.380001068115234,50.380001068115234,772190,TMV.DE
2020-07-15,50.97999954223633,51.2400016784668,43.20000076293945,46.650001525878906,46.650001525878906,2203322,TMV.DE
2020-07-16,47.310001373291016,48.459999084472656,46.5,47.630001068115234,47.630001068115234,1005007,TMV.DE
2020-07-17,48.02000045776367,49.380001068115234,47.400001525878906,48.939998626708984,48.939998626708984,889419,TMV.DE
2020-07-20,48.470001220703125,48.9900016784668,46.65999984741211,48.54999923706055,48.54999923706055,862636,TMV.DE
2020-07-21,48.689998626708984,49.25,47.7599983215332,47.79999923706055,47.79999923706055,695753,TMV.DE
2020-07-22,47.81999969482422,49.369998931884766,47.790000915527344,48.630001068115234,48.630001068115234,780109,TMV.DE
2020-07-23,48.70000076293945,48.7400016784668,47.45000076293945,47.83000183105469,47.83000183105469,683611,TMV.DE
2020-07-24,47.0,47.27000045776367,45.08000183105469,45.81999969482422,45.81999969482422,578173,TMV.DE
2020-07-27,46.20000076293945,47.720001220703125,45.90999984741211,46.90999984741211,46.90999984741211,376239,TMV.DE
2020-07-28,47.400001525878906,47.68000030517578,46.220001220703125,46.220001220703125,46.220001220703125,376280,TMV.DE
2020-07-29,46.20000076293945,47.34000015258789,46.02000045776367,46.689998626708984,46.689998626708984,334623,TMV.DE
2020-07-30,46.84000015258789,47.38999938964844,43.380001068115234,44.25,44.25,709999,TMV.DE
2020-07-31,44.380001068115234,46.459999084472656,44.380001068115234,45.75,45.75,595290,TMV.DE
2020-08-03,45.959999084472656,47.369998931884766,45.380001068115234,47.22999954223633,47.22999954223633,536040,TMV.DE
2020-08-04,47.880001068115234,48.5,43.439998626708984,43.45000076293945,43.45000076293945,1578494,TMV.DE
2020-08-05,44.380001068115234,45.029998779296875,43.75,43.91999816894531,43.91999816894531,705811,TMV.DE
2020-08-06,44.20000076293945,44.79999923706055,43.52000045776367,43.709999084472656,43.709999084472656,539000,TMV.DE
2020-08-07,43.61000061035156,43.79999923706055,41.7599983215332,43.0,43.0,704407,TMV.DE
2020-08-10,43.0,43.0,41.38999938964844,41.630001068115234,41.630001068115234,678295,TMV.DE
2020-08-11,41.75,42.900001525878906,41.52000045776367,42.630001068115234,42.630001068115234,659964,TMV.DE
2020-08-12,42.5,43.36000061035156,42.0099983215332,43.36000061035156,43.36000061035156,537472,TMV.DE
2020-08-13,43.209999084472656,44.33000183105469,42.84000015258789,44.16999816894531,44.16999816894531,544866,TMV.DE
2020-08-14,44.400001525878906,44.58000183105469,43.290000915527344,44.04999923706055,44.04999923706055,507653,TMV.DE
2020-08-17,43.900001525878906,45.11000061035156,43.52000045776367,44.630001068115234,44.630001068115234,377925,TMV.DE
2020-08-18,44.869998931884766,44.869998931884766,43.709999084472656,44.209999084472656,44.209999084472656,302360,TMV.DE
2020-08-19,43.9900016784668,44.279998779296875,43.18000030517578,43.45000076293945,43.45000076293945,354060,TMV.DE
2020-08-20,43.470001220703125,44.52000045776367,42.900001525878906,44.209999084472656,44.209999084472656,409511,TMV.DE
2020-08-21,44.43000030517578,45.189998626708984,44.02000045776367,45.15999984741211,45.15999984741211,632920,TMV.DE
2020-08-24,45.2599983215332,46.040000915527344,44.06999969482422,44.13999938964844,44.13999938964844,478891,TMV.DE
2020-08-25,44.2599983215332,44.810001373291016,43.65999984741211,44.290000915527344,44.290000915527344,323265,TMV.DE
2020-08-26,44.119998931884766,45.099998474121094,44.029998779296875,45.099998474121094,45.099998474121094,293861,TMV.DE
2020-08-27,45.369998931884766,46.16999816894531,45.060001373291016,45.34000015258789,45.34000015258789,545992,TMV.DE
2020-08-28,45.20000076293945,45.36000061035156,44.060001373291016,45.279998779296875,45.279998779296875,310668,TMV.DE
2020-08-31,45.41999816894531,45.790000915527344,45.189998626708984,45.369998931884766,45.369998931884766,354785,TMV.DE
2020-09-01,46.279998779296875,46.90999984741211,45.04999923706055,45.04999923706055,45.04999923706055,740713,TMV.DE
2020-09-02,45.650001525878906,45.95000076293945,43.81999969482422,44.04999923706055,44.04999923706055,891985,TMV.DE
2020-09-03,44.5,44.900001525878906,41.599998474121094,41.599998474121094,41.599998474121094,977283,TMV.DE
2020-09-04,41.54999923706055,42.58000183105469,40.08000183105469,40.560001373291016,40.560001373291016,958531,TMV.DE
2020-09-07,40.630001068115234,41.88999938964844,40.43000030517578,41.5,41.5,492425,TMV.DE
2020-09-08,41.599998474121094,41.72999954223633,39.400001525878906,40.68000030517578,40.68000030517578,787091,TMV.DE
2020-09-09,40.36000061035156,41.77000045776367,40.02000045776367,41.47999954223633,41.47999954223633,471254,TMV.DE
2020-09-10,41.5,41.77000045776367,41.04999923706055,41.41999816894531,41.41999816894531,425727,TMV.DE
2020-09-11,41.130001068115234,41.41999816894531,39.9900016784668,40.43000030517578,40.43000030517578,374842,TMV.DE
2020-09-14,40.59000015258789,41.65999984741211,40.5099983215332,41.4900016784668,41.4900016784668,342847,TMV.DE
2020-09-15,41.5,42.22999954223633,41.5,41.61000061035156,41.61000061035156,311999,TMV.DE
2020-09-16,41.93000030517578,42.20000076293945,41.5,41.689998626708984,41.689998626708984,248133,TMV.DE
2020-09-17,41.09000015258789,41.22999954223633,40.400001525878906,41.130001068115234,41.130001068115234,291474,TMV.DE
2020-09-18,41.79999923706055,42.7599983215332,41.7599983215332,42.529998779296875,42.529998779296875,1038636,TMV.DE
2020-09-21,42.459999084472656,43.279998779296875,41.20000076293945,42.22999954223633,42.22999954223633,495577,TMV.DE
2020-09-22,42.66999816894531,43.56999969482422,42.59000015258789,42.939998626708984,42.939998626708984,385752,TMV.DE
2020-09-23,43.5,44.060001373291016,42.81999969482422,43.18000030517578,43.18000030517578,530223,TMV.DE
2020-09-24,42.869998931884766,43.099998474121094,41.540000915527344,41.849998474121094,41.849998474121094,491198,TMV.DE
2020-09-25,41.849998474121094,42.599998474121094,41.0099983215332,42.599998474121094,42.599998474121094,444339,TMV.DE
2020-09-28,42.72999954223633,43.59000015258789,42.5099983215332,43.0,43.0,391292,TMV.DE
2020-09-29,42.880001068115234,43.459999084472656,42.29999923706055,42.95000076293945,42.95000076293945,242199,TMV.DE
2020-09-30,42.900001525878906,43.34000015258789,41.959999084472656,42.119998931884766,42.119998931884766,413484,TMV.DE
2020-10-01,42.099998474121094,42.630001068115234,41.349998474121094,42.369998931884766,42.369998931884766,556504,TMV.DE
2020-10-02,42.15999984741211,42.279998779296875,40.880001068115234,41.41999816894531,41.41999816894531,508582,TMV.DE
2020-10-05,41.599998474121094,42.29999923706055,41.27000045776367,42.08000183105469,42.08000183105469,486204,TMV.DE
2020-10-06,42.5,42.65999984741211,41.630001068115234,41.630001068115234,41.630001068115234,354452,TMV.DE
2020-10-07,41.93000030517578,42.150001525878906,40.66999816894531,40.709999084472656,40.709999084472656,486802,TMV.DE
2020-10-08,40.95000076293945,41.310001373291016,40.619998931884766,40.619998931884766,40.619998931884766,389756,TMV.DE
2020-10-09,40.869998931884766,43.029998779296875,40.79999923706055,42.86000061035156,42.86000061035156,650754,TMV.DE
2020-10-12,43.189998626708984,44.13999938964844,42.849998474121094,43.5,43.5,639787,TMV.DE
2020-10-13,44.20000076293945,45.0,43.70000076293945,44.36000061035156,44.36000061035156,669456,TMV.DE
2020-10-14,44.7599983215332,45.9900016784668,44.31999969482422,45.290000915527344,45.290000915527344,576864,TMV.DE
2020-10-15,44.7599983215332,45.599998474121094,44.25,44.66999816894531,44.66999816894531,633271,TMV.DE
2020-10-16,45.04999923706055,46.20000076293945,44.810001373291016,45.599998474121094,45.599998474121094,427639,TMV.DE
2020-10-19,46.0,46.279998779296875,45.619998931884766,46.09000015258789,46.09000015258789,373701,TMV.DE
2020-10-20,42.599998474121094,43.4900016784668,42.150001525878906,42.2400016784668,42.2400016784668,3806114,TMV.DE
2020-10-21,42.2400016784668,42.400001525878906,40.79999923706055,41.560001373291016,41.560001373291016,1646790,TMV.DE
2020-10-22,41.470001220703125,42.310001373291016,41.119998931884766,41.36000061035156,41.36000061035156,2669725,TMV.DE
2020-10-23,41.31999969482422,41.779998779296875,40.150001525878906,40.189998626708984,40.189998626708984,1590647,TMV.DE
2020-10-26,39.900001525878906,39.91999816894531,36.90999984741211,39.70000076293945,39.70000076293945,1536476,TMV.DE
2020-10-27,40.06999969482422,40.689998626708984,39.470001220703125,40.2599983215332,40.2599983215332,884264,TMV.DE
2020-10-28,39.9900016784668,40.790000915527344,37.68000030517578,38.5099983215332,38.5099983215332,1155590,TMV.DE
2020-10-29,39.31999969482422,39.619998931884766,37.33000183105469,38.310001373291016,38.310001373291016,741751,TMV.DE
2020-10-30,38.0,39.15999984741211,37.599998474121094,37.79999923706055,37.79999923706055,998308,TMV.DE
2020-11-02,38.13999938964844,38.220001220703125,37.130001068115234,37.150001525878906,37.150001525878906,676709,TMV.DE
2020-11-03,37.20000076293945,37.209999084472656,35.66999816894531,36.400001525878906,36.400001525878906,1275040,TMV.DE
2020-11-04,36.400001525878906,38.619998931884766,36.099998474121094,38.099998474121094,38.099998474121094,845419,TMV.DE
2020-11-05,39.58000183105469,39.9900016784668,38.54999923706055,38.79999923706055,38.79999923706055,886419,TMV.DE
2020-11-06,38.79999923706055,39.369998931884766,38.13999938964844,38.900001525878906,38.900001525878906,491180,TMV.DE
2020-11-09,40.380001068115234,40.380001068115234,33.84000015258789,35.45000076293945,35.45000076293945,2459878,TMV.DE
2020-11-10,35.5,39.33000183105469,32.54999923706055,37.15999984741211,37.15999984741211,3125169,TMV.DE
2020-11-11,37.849998474121094,39.58000183105469,37.0099983215332,39.0,39.0,1192968,TMV.DE
2020-11-12,39.54999923706055,39.959999084472656,38.40999984741211,39.08000183105469,39.08000183105469,1017283,TMV.DE
2020-11-13,39.0099983215332,40.060001373291016,39.0099983215332,39.45000076293945,39.45000076293945,836563,TMV.DE
2020-11-16,40.0,40.060001373291016,37.470001220703125,37.900001525878906,37.900001525878906,859914,TMV.DE
2020-11-17,37.900001525878906,38.2599983215332,36.880001068115234,37.47999954223633,37.47999954223633,671573,TMV.DE
2020-11-18,37.5,37.709999084472656,36.880001068115234,37.709999084472656,37.709999084472656,639009,TMV.DE
2020-11-19,37.34000015258789,38.349998474121094,37.209999084472656,38.349998474121094,38.349998474121094,622999,TMV.DE
2020-11-20,38.369998931884766,39.52000045776367,37.9900016784668,39.52000045776367,39.52000045776367,606903,TMV.DE
2020-11-23,39.599998474121094,39.90999984741211,38.939998626708984,39.400001525878906,39.400001525878906,486870,TMV.DE
2020-11-24,39.93000030517578,39.93000030517578,38.7400016784668,39.02000045776367,39.02000045776367,555704,TMV.DE
2020-11-25,38.880001068115234,39.38999938964844,38.5099983215332,39.099998474121094,39.099998474121094,506329,TMV.DE
2020-11-26,39.31999969482422,39.900001525878906,39.060001373291016,39.119998931884766,39.119998931884766,427701,TMV.DE
2020-11-27,39.209999084472656,39.560001373291016,38.97999954223633,39.560001373291016,39.560001373291016,770356,TMV.DE
2020-11-30,39.5,40.0,39.310001373291016,39.93000030517578,39.93000030517578,1112207,TMV.DE
2020-12-01,40.0,40.560001373291016,39.02000045776367,39.47999954223633,39.47999954223633,496170,TMV.DE
2020-12-02,39.45000076293945,39.77000045776367,37.95000076293945,38.43000030517578,38.43000030517578,602772,TMV.DE
2020-12-03,38.7599983215332,39.279998779296875,37.869998931884766,38.939998626708984,38.939998626708984,397913,TMV.DE
2020-12-04,38.68000030517578,39.459999084472656,38.59000015258789,39.0,39.0,454103,TMV.DE
2020-12-07,39.099998474121094,39.36000061035156,37.95000076293945,38.45000076293945,38.45000076293945,385642,TMV.DE
2020-12-08,38.4900016784668,38.900001525878906,38.310001373291016,38.5,38.5,478526,TMV.DE
2020-12-09,38.900001525878906,39.099998474121094,38.2599983215332,38.2599983215332,38.2599983215332,518202,TMV.DE
2020-12-10,38.22999954223633,38.619998931884766,37.790000915527344,38.52000045776367,38.52000045776367,484507,TMV.DE
2020-12-11,38.61000061035156,39.040000915527344,38.06999969482422,38.709999084472656,38.709999084472656,302213,TMV.DE
2020-12-14,39.0,39.88999938964844,38.630001068115234,39.79999923706055,39.79999923706055,508970,TMV.DE
2020-12-15,40.0,42.2599983215332,39.900001525878906,41.54999923706055,41.54999923706055,875859,TMV.DE
2020-12-16,41.599998474121094,41.97999954223633,40.720001220703125,41.349998474121094,41.349998474121094,511509,TMV.DE
2020-12-17,41.70000076293945,43.88999938964844,41.70000076293945,42.630001068115234,42.630001068115234,944554,TMV.DE
2020-12-18,43.41999816894531,44.2599983215332,43.25,43.75,43.75,1458043,TMV.DE
2020-12-21,43.689998626708984,44.79999923706055,42.900001525878906,43.47999954223633,43.47999954223633,616842,TMV.DE
2020-12-22,43.88999938964844,44.779998779296875,43.630001068115234,44.29999923706055,44.29999923706055,353224,TMV.DE
2020-12-23,44.65999984741211,44.66999816894531,43.66999816894531,43.849998474121094,43.849998474121094,371399,TMV.DE
2020-12-28,44.06999969482422,44.4900016784668,43.560001373291016,43.810001373291016,43.810001373291016,337888,TMV.DE
2020-12-29,43.959999084472656,44.43000030517578,43.15999984741211,43.459999084472656,43.459999084472656,312689,TMV.DE
2020-12-30,43.29999923706055,43.959999084472656,43.02000045776367,43.83000183105469,43.83000183105469,150463,TMV.DE
2021-01-04,43.79999923706055,45.119998931884766,43.72999954223633,44.2400016784668,44.2400016784668,544962,TMV.DE
2021-01-05,44.0099983215332,46.150001525878906,44.0,44.849998474121094,44.849998474121094,685983,TMV.DE
2021-01-06,45.0,45.08000183105469,42.40999984741211,42.81999969482422,42.81999969482422,635205,TMV.DE
2021-01-07,42.77000045776367,42.95000076293945,41.040000915527344,41.36000061035156,41.36000061035156,731099,TMV.DE
2021-01-08,41.91999816894531,42.70000076293945,41.86000061035156,42.400001525878906,42.400001525878906,643884,TMV.DE
2021-01-11,43.130001068115234,43.880001068115234,40.36000061035156,40.79999923706055,40.79999923706055,1058627,TMV.DE
2021-01-12,41.560001373291016,42.5,40.56999969482422,41.5099983215332,41.5099983215332,673678,TMV.DE
2021-01-13,42.0,42.66999816894531,41.150001525878906,41.93000030517578,41.93000030517578,617853,TMV.DE
2021-01-14,42.099998474121094,42.45000076293945,41.369998931884766,41.58000183105469,41.58000183105469,608378,TMV.DE
2021-01-15,41.5,41.70000076293945,39.11000061035156,40.33000183105469,40.33000183105469,1166177,TMV.DE
2021-01-18,40.369998931884766,41.72999954223633,40.33000183105469,40.95000076293945,40.95000076293945,469835,TMV.DE
2021-01-19,41.70000076293945,42.86000061035156,40.810001373291016,42.0,42.0,695006,TMV.DE
2021-01-20,42.47999954223633,43.599998474121094,42.099998474121094,43.5,43.5,673893,TMV.DE
2021-01-21,43.95000076293945,44.869998931884766,42.54999923706055,43.0,43.0,670802,TMV.DE
2021-01-22,42.900001525878906,43.2400016784668,41.52000045776367,43.0,43.0,809512,TMV.DE
2021-01-25,43.20000076293945,43.79999923706055,42.25,42.869998931884766,42.869998931884766,540198,TMV.DE
2021-01-26,42.7599983215332,43.09000015258789,42.29999923706055,42.66999816894531,42.66999816894531,674145,TMV.DE
2021-01-27,42.529998779296875,44.0,41.0099983215332,43.540000915527344,43.540000915527344,951519,TMV.DE
2021-01-28,43.0,43.59000015258789,42.099998474121094,42.70000076293945,42.70000076293945,542545,TMV.DE
2021-01-29,43.06999969482422,43.81999969482422,41.939998626708984,42.709999084472656,42.709999084472656,773230,TMV.DE
2021-02-01,42.959999084472656,43.38999938964844,42.34000015258789,42.9900016784668,42.9900016784668,435699,TMV.DE
2021-02-02,43.209999084472656,44.599998474121094,42.75,44.20000076293945,44.20000076293945,527312,TMV.DE
2021-02-03,44.099998474121094,44.79999923706055,43.9900016784668,44.79999923706055,44.79999923706055,443964,TMV.DE
2021-02-04,45.0,45.779998779296875,44.11000061035156,44.27000045776367,44.27000045776367,556457,TMV.DE
2021-02-05,44.61000061035156,45.470001220703125,44.54999923706055,44.79999923706055,44.79999923706055,609778,TMV.DE
2021-02-08,45.29999923706055,45.93000030517578,44.900001525878906,45.810001373291016,45.810001373291016,457490,TMV.DE
2021-02-09,46.5,46.880001068115234,43.79999923706055,43.84000015258789,43.84000015258789,1325262,TMV.DE
2021-02-10,44.400001525878906,45.7599983215332,43.58000183105469,44.16999816894531,44.16999816894531,1097896,TMV.DE
2021-02-11,44.45000076293945,45.560001373291016,44.29999923706055,45.189998626708984,45.189998626708984,754475,TMV.DE
2021-02-12,45.400001525878906,46.0,45.22999954223633,45.68000030517578,45.68000030517578,583567,TMV.DE
2021-02-15,46.20000076293945,46.63999938964844,45.88999938964844,46.52000045776367,46.52000045776367,502833,TMV.DE
2021-02-16,46.83000183105469,47.470001220703125,46.5,46.5,46.5,545590,TMV.DE
2021-02-17,46.099998474121094,49.2400016784668,45.79999923706055,48.63999938964844,48.63999938964844,2519250,TMV.DE
2021-02-18,48.77000045776367,49.0,48.09000015258789,48.45000076293945,48.45000076293945,894827,TMV.DE
2021-02-19,48.4900016784668,49.63999938964844,48.380001068115234,49.130001068115234,49.130001068115234,1197324,TMV.DE
2021-02-22,48.63999938964844,48.869998931884766,47.38999938964844,47.5099983215332,47.5099983215332,560748,TMV.DE
2021-02-23,47.5,47.54999923706055,42.529998779296875,45.810001373291016,45.810001373291016,1337085,TMV.DE
2021-02-24,45.79999923706055,46.459999084472656,44.54999923706055,45.040000915527344,45.040000915527344,704282,TMV.DE
2021-02-25,45.529998779296875,45.709999084472656,44.7599983215332,45.33000183105469,45.33000183105469,512386,TMV.DE
2021-02-26,44.150001525878906,45.060001373291016,44.0,44.5,44.5,1397162,TMV.DE
2021-03-01,44.939998626708984,45.310001373291016,44.380001068115234,44.81999969482422,44.81999969482422,582173,TMV.DE
2021-03-02,45.11000061035156,48.130001068115234,45.040000915527344,46.70000076293945,46.70000076293945,833508,TMV.DE
2021-03-03,46.79999923706055,46.81999969482422,45.70000076293945,46.31999969482422,46.31999969482422,584521,TMV.DE
2021-03-04,45.81999969482422,46.369998931884766,44.40999984741211,44.90999984741211,44.90999984741211,798359,TMV.DE
2021-03-05,44.61000061035156,45.4900016784668,41.66999816894531,42.16999816894531,42.16999816894531,974219,TMV.DE
2021-03-08,42.34000015258789,42.900001525878906,39.209999084472656,41.2400016784668,41.2400016784668,1037651,TMV.DE
2021-03-09,41.2400016784668,44.0099983215332,40.900001525878906,42.93000030517578,42.93000030517578,785262,TMV.DE
2021-03-10,43.16999816894531,43.66999816894531,41.810001373291016,42.09000015258789,42.09000015258789,743595,TMV.DE
2021-03-11,42.15999984741211,43.7599983215332,41.970001220703125,43.13999938964844,43.13999938964844,411258,TMV.DE
2021-03-12,42.9900016784668,42.9900016784668,41.959999084472656,42.31999969482422,42.31999969482422,453927,TMV.DE
2021-03-15,42.349998474121094,43.0,42.22999954223633,42.63999938964844,42.63999938964844,358002,TMV.DE
2021-03-16,42.689998626708984,43.79999923706055,42.5,43.40999984741211,43.40999984741211,363229,TMV.DE
2021-03-17,43.4900016784668,44.16999816894531,42.65999984741211,43.31999969482422,43.31999969482422,482177,TMV.DE
2021-03-18,43.20000076293945,44.040000915527344,42.369998931884766,42.86000061035156,42.86000061035156,518663,TMV.DE
2021-03-19,42.43000030517578,42.970001220703125,35.400001525878906,37.560001373291016,37.560001373291016,5652284,TMV.DE
2021-03-22,37.88999938964844,38.220001220703125,35.70000076293945,37.68000030517578,37.68000030517578,2482440,TMV.DE
2021-03-23,37.54999923706055,38.81999969482422,36.599998474121094,38.209999084472656,38.209999084472656,1359213,TMV.DE
2021-03-24,38.310001373291016,38.470001220703125,36.72999954223633,36.72999954223633,36.72999954223633,1289254,TMV.DE
2021-03-25,36.779998779296875,37.150001525878906,35.22999954223633,36.150001525878906,36.150001525878906,1346392,TMV.DE
2021-03-26,35.9900016784668,37.0099983215332,35.529998779296875,36.40999984741211,36.40999984741211,899652,TMV.DE
2021-03-29,36.65999984741211,36.95000076293945,36.150001525878906,36.56999969482422,36.56999969482422,526993,TMV.DE
2021-03-30,36.599998474121094,37.099998474121094,35.459999084472656,35.63999938964844,35.63999938964844,1008845,TMV.DE
2021-03-31,35.689998626708984,36.529998779296875,35.36000061035156,36.43000030517578,36.43000030517578,893059,TMV.DE
2021-04-01,36.7400016784668,37.900001525878906,36.58000183105469,37.56999969482422,37.56999969482422,802752,TMV.DE
2021-04-06,38.20000076293945,38.20000076293945,36.90999984741211,37.16999816894531,37.16999816894531,698209,TMV.DE
2021-04-07,37.040000915527344,37.59000015258789,36.849998474121094,37.33000183105469,37.33000183105469,427185,TMV.DE
2021-04-08,37.54999923706055,37.900001525878906,37.15999984741211,37.15999984741211,37.15999984741211,564444,TMV.DE
2021-04-09,37.40999984741211,38.02000045776367,37.20000076293945,37.4900016784668,37.4900016784668,605966,TMV.DE
2021-04-12,37.56999969482422,38.060001373291016,37.20000076293945,37.41999816894531,37.41999816894531,484746,TMV.DE
2021-04-13,37.400001525878906,39.08000183105469,37.349998474121094,38.81999969482422,38.81999969482422,786808,TMV.DE
2021-04-14,39.0,39.79999923706055,38.560001373291016,38.70000076293945,38.70000076293945,723576,TMV.DE
2021-04-15,38.900001525878906,39.70000076293945,38.5,39.29999923706055,39.29999923706055,459840,TMV.DE
2021-04-16,39.290000915527344,39.29999923706055,38.400001525878906,38.7599983215332,38.7599983215332,445759,TMV.DE
2021-04-19,38.810001373291016,39.459999084472656,38.5099983215332,38.849998474121094,38.849998474121094,501215,TMV.DE
2021-04-20,38.939998626708984,39.0,37.27000045776367,37.630001068115234,37.630001068115234,682401,TMV.DE
2021-04-21,37.689998626708984,37.90999984741211,36.7599983215332,37.880001068115234,37.880001068115234,410343,TMV.DE
2021-04-22,37.939998626708984,37.939998626708984,37.02000045776367,37.7400016784668,37.7400016784668,622080,TMV.DE
2021-04-23,38.150001525878906,38.58000183105469,37.83000183105469,38.369998931884766,38.369998931884766,595066,TMV.DE
2021-04-26,38.650001525878906,39.310001373291016,38.5,39.290000915527344,39.290000915527344,485613,TMV.DE
2021-04-27,39.290000915527344,40.90999984741211,39.25,40.029998779296875,40.029998779296875,1050063,TMV.DE
2021-04-28,40.0,40.349998474121094,39.40999984741211,39.880001068115234,39.880001068115234,675645,TMV.DE
2021-04-29,39.93000030517578,41.18000030517578,39.58000183105469,39.709999084472656,39.709999084472656,717402,TMV.DE
2021-04-30,39.91999816894531,40.13999938964844,39.2400016784668,39.560001373291016,39.560001373291016,676108,TMV.DE
2021-05-03,39.959999084472656,40.36000061035156,39.599998474121094,39.70000076293945,39.70000076293945,515479,TMV.DE
2021-05-04,38.95000076293945,38.95000076293945,32.630001068115234,34.79999923706055,34.79999923706055,4447075,TMV.DE
2021-05-05,35.439998626708984,36.68000030517578,33.25,34.08000183105469,34.08000183105469,2520317,TMV.DE
2021-05-06,33.83000183105469,33.970001220703125,31.770000457763672,33.13999938964844,33.13999938964844,2054143,TMV.DE
2021-05-07,33.2400016784668,34.68000030517578,33.060001373291016,34.52000045776367,34.52000045776367,1267072,TMV.DE
2021-05-10,34.599998474121094,34.63999938964844,33.58000183105469,33.63999938964844,33.63999938964844,854085,TMV.DE
2021-05-11,33.0099983215332,33.15999984741211,30.700000762939453,31.850000381469727,31.850000381469727,2261781,TMV.DE
2021-05-12,32.13999938964844,32.81999969482422,31.3799991607666,31.399999618530273,31.399999618530273,1481635,TMV.DE
2021-05-13,31.1299991607666,31.25,30.09000015258789,30.510000228881836,30.510000228881836,1561900,TMV.DE
2021-05-14,30.799999237060547,31.219999313354492,30.170000076293945,30.950000762939453,30.950000762939453,884857,TMV.DE
2021-05-17,31.0,31.469999313354492,30.899999618530273,30.93000030517578,30.93000030517578,690168,TMV.DE
2021-05-18,30.959999084472656,31.399999618530273,30.68000030517578,30.889999389648438,30.889999389648438,581057,TMV.DE
2021-05-19,30.700000762939453,30.719999313354492,29.950000762939453,30.489999771118164,30.489999771118164,838898,TMV.DE
2021-05-20,30.510000228881836,31.579999923706055,30.459999084472656,31.469999313354492,31.469999313354492,734518,TMV.DE
2021-05-21,31.399999618530273,31.510000228881836,30.81999969482422,30.81999969482422,30.81999969482422,715282,TMV.DE
2021-05-25,30.75,31.65999984741211,30.559999465942383,31.610000610351562,31.610000610351562,779316,TMV.DE
2021-05-26,31.829999923706055,32.75,31.579999923706055,32.45000076293945,32.45000076293945,734263,TMV.DE
2021-05-27,32.40999984741211,32.900001525878906,32.15999984741211,32.83000183105469,32.83000183105469,1272519,TMV.DE
2021-05-28,32.709999084472656,32.720001220703125,31.81999969482422,32.16999816894531,32.16999816894531,698834,TMV.DE
2021-05-31,32.08000183105469,32.56999969482422,31.920000076293945,32.369998931884766,32.369998931884766,355996,TMV.DE
2021-06-01,32.369998931884766,32.529998779296875,31.84000015258789,31.950000762939453,31.950000762939453,732755,TMV.DE
2021-06-02,32.20000076293945,32.20000076293945,30.829999923706055,30.899999618530273,30.899999618530273,942172,TMV.DE
2021-06-03,31.110000610351562,31.18000030517578,30.229999542236328,30.329999923706055,30.329999923706055,678159,TMV.DE
2021-06-04,30.399999618530273,31.010000228881836,30.079999923706055,30.950000762939453,30.950000762939453,871931,TMV.DE
2021-06-07,31.149999618530273,31.299999237060547,30.350000381469727,30.790000915527344,30.790000915527344,501881,TMV.DE
2021-06-08,30.420000076293945,30.549999237060547,29.959999084472656,29.959999084472656,29.959999084472656,994052,TMV.DE
2021-06-09,29.950000762939453,30.799999237060547,29.290000915527344,30.790000915527344,30.790000915527344,1140151,TMV.DE
2021-06-10,31.020000457763672,31.09000015258789,29.670000076293945,30.149999618530273,30.149999618530273,910669,TMV.DE
2021-06-11,30.299999237060547,30.719999313354492,30.1299991607666,30.600000381469727,30.600000381469727,463369,TMV.DE
2021-06-14,30.610000610351562,33.27000045776367,30.3700008392334,32.38999938964844,32.38999938964844,2246640,TMV.DE
2021-06-15,32.66999816894531,32.91999816894531,31.90999984741211,31.90999984741211,31.90999984741211,935990,TMV.DE
2021-06-16,31.899999618530273,32.209999084472656,31.360000610351562,32.04999923706055,32.04999923706055,624971,TMV.DE
2021-06-17,32.400001525878906,33.029998779296875,32.06999969482422,32.75,32.75,1115561,TMV.DE
2021-06-18,32.95000076293945,34.08000183105469,32.86000061035156,33.93000030517578,33.93000030517578,2192558,TMV.DE
2021-06-21,33.72999954223633,33.7400016784668,32.63999938964844,32.84000015258789,32.84000015258789,736986,TMV.DE
2021-06-22,32.54999923706055,33.54999923706055,32.45000076293945,33.38999938964844,33.38999938964844,584995,TMV.DE
2021-06-23,33.59000015258789,33.880001068115234,32.95000076293945,32.95000076293945,32.95000076293945,385321,TMV.DE
2021-06-24,33.0,34.08000183105469,32.93000030517578,33.75,33.75,687833,TMV.DE
2021-06-25,33.79999923706055,33.939998626708984,33.31999969482422,33.59000015258789,33.59000015258789,421877,TMV.DE
2021-06-28,32.7599983215332,32.79999923706055,31.790000915527344,32.220001220703125,32.220001220703125,823693,TMV.DE
2021-06-29,32.18000030517578,32.900001525878906,32.119998931884766,32.18000030517578,32.18000030517578,545009,TMV.DE
2021-06-30,32.400001525878906,32.86000061035156,31.6200008392334,31.719999313354492,31.719999313354492,651833,TMV.DE
2021-07-01,31.950000762939453,32.29999923706055,31.200000762939453,31.649999618530273,31.649999618530273,479178,TMV.DE
2021-07-02,31.549999237060547,31.59000015258789,30.850000381469727,31.040000915527344,31.040000915527344,1067887,TMV.DE
2021-07-05,31.030000686645508,31.1299991607666,30.459999084472656,30.520000457763672,30.520000457763672,656904,TMV.DE
2021-07-06,30.5,32.040000915527344,30.489999771118164,31.940000534057617,31.940000534057617,674345,TMV.DE
2021-07-07,32.130001068115234,32.689998626708984,31.639999389648438,32.29999923706055,32.29999923706055,594915,TMV.DE
2021-07-08,29.600000381469727,29.799999237060547,27.030000686645508,27.690000534057617,27.690000534057617,5230909,TMV.DE
2021-07-09,27.8799991607666,29.040000915527344,27.3799991607666,28.1200008392334,28.1200008392334,1820401,TMV.DE
2021-07-12,28.75,29.549999237060547,28.510000228881836,29.030000686645508,29.030000686645508,1262157,TMV.DE
2021-07-13,28.84000015258789,29.950000762939453,28.540000915527344,29.8799991607666,29.8799991607666,1363790,TMV.DE
2021-07-14,29.920000076293945,30.56999969482422,29.229999542236328,30.440000534057617,30.440000534057617,952252,TMV.DE
2021-07-15,30.100000381469727,30.329999923706055,28.510000228881836,28.940000534057617,28.940000534057617,868478,TMV.DE
2021-07-16,29.190000534057617,29.84000015258789,29.010000228881836,29.420000076293945,29.420000076293945,762323,TMV.DE
2021-07-19,29.270000457763672,29.270000457763672,28.209999084472656,28.760000228881836,28.760000228881836,728942,TMV.DE
2021-07-20,28.989999771118164,29.780000686645508,28.739999771118164,28.920000076293945,28.920000076293945,776166,TMV.DE
2021-07-21,29.110000610351562,29.360000610351562,28.850000381469727,29.06999969482422,29.06999969482422,433762,TMV.DE
2021-07-22,29.200000762939453,29.579999923706055,28.81999969482422,29.450000762939453,29.450000762939453,773018,TMV.DE
2021-07-23,29.450000762939453,29.799999237060547,29.1200008392334,29.25,29.25,649242,TMV.DE
2021-07-26,28.899999618530273,29.31999969482422,28.299999237060547,28.479999542236328,28.479999542236328,729956,TMV.DE
2021-07-27,28.399999618530273,29.020000457763672,28.280000686645508,28.579999923706055,28.579999923706055,308241,TMV.DE
2021-07-28,28.479999542236328,29.399999618530273,28.459999084472656,29.170000076293945,29.170000076293945,615119,TMV.DE
2021-07-29,29.440000534057617,29.799999237060547,29.18000030517578,29.290000915527344,29.290000915527344,441514,TMV.DE
2021-07-30,28.8799991607666,28.93000030517578,28.329999923706055,28.350000381469727,28.350000381469727,751395,TMV.DE
2021-08-02,28.399999618530273,28.719999313354492,28.049999237060547,28.489999771118164,28.489999771118164,633887,TMV.DE
2021-08-03,28.479999542236328,28.489999771118164,25.600000381469727,25.610000610351562,25.610000610351562,3371982,TMV.DE
2021-08-04,25.850000381469727,25.950000762939453,25.100000381469727,25.760000228881836,25.760000228881836,1811706,TMV.DE
2021-08-05,25.8799991607666,26.65999984741211,25.649999618530273,26.65999984741211,26.65999984741211,1201570,TMV.DE
2021-08-06,26.799999237060547,27.1299991607666,25.850000381469727,25.959999084472656,25.959999084472656,851224,TMV.DE
2021-08-09,25.989999771118164,26.950000762939453,25.829999923706055,26.540000915527344,26.540000915527344,1027770,TMV.DE
2021-08-10,26.829999923706055,28.280000686645508,26.610000610351562,27.700000762939453,27.700000762939453,1293157,TMV.DE
2021-08-11,27.8799991607666,28.1200008392334,27.18000030517578,27.600000381469727,27.600000381469727,766271,TMV.DE
2021-08-12,27.790000915527344,28.149999618530273,27.309999465942383,28.100000381469727,28.100000381469727,628542,TMV.DE
2021-08-13,28.18000030517578,28.450000762939453,27.899999618530273,28.280000686645508,28.280000686645508,430265,TMV.DE
2021-08-16,28.100000381469727,28.1299991607666,27.270000457763672,27.309999465942383,27.309999465942383,349770,TMV.DE
2021-08-17,27.1200008392334,28.200000762939453,27.010000228881836,28.15999984741211,28.15999984741211,590883,TMV.DE
2021-08-18,28.18000030517578,28.299999237060547,27.75,27.75,27.75,316875,TMV.DE
2021-08-19,27.350000381469727,27.600000381469727,27.079999923706055,27.600000381469727,27.600000381469727,302285,TMV.DE
2021-08-20,27.6200008392334,27.799999237060547,26.979999542236328,27.43000030517578,27.43000030517578,433843,TMV.DE
2021-08-23,27.579999923706055,27.770000457763672,27.110000610351562,27.450000762939453,27.450000762939453,422580,TMV.DE
2021-08-24,27.610000610351562,28.290000915527344,27.610000610351562,28.079999923706055,28.079999923706055,482759,TMV.DE
2021-08-25,28.139999389648438,28.489999771118164,27.610000610351562,27.68000030517578,27.68000030517578,422404,TMV.DE
2021-08-26,27.579999923706055,28.969999313354492,27.149999618530273,28.75,28.75,676983,TMV.DE
2021-08-27,28.829999923706055,29.100000381469727,28.18000030517578,28.670000076293945,28.670000076293945,680223,TMV.DE
2021-08-30,28.81999969482422,30.0,28.59000015258789,29.40999984741211,29.40999984741211,833846,TMV.DE
2021-08-31,29.049999237060547,29.280000686645508,28.020000457763672,28.209999084472656,28.209999084472656,922755,TMV.DE
2021-09-01,28.299999237060547,28.739999771118164,28.049999237060547,28.649999618530273,28.649999618530273,442032,TMV.DE
2021-09-02,28.579999923706055,28.93000030517578,27.8700008392334,27.969999313354492,27.969999313354492,482636,TMV.DE
2021-09-03,27.889999389648438,28.459999084472656,27.75,28.25,28.25,397029,TMV.DE
2021-09-06,28.5,29.6200008392334,28.489999771118164,29.170000076293945,29.170000076293945,811262,TMV.DE
2021-09-07,29.149999618530273,30.1200008392334,29.0,30.1200008392334,30.1200008392334,909069,TMV.DE
2021-09-08,30.010000228881836,30.40999984741211,29.670000076293945,29.899999618530273,29.899999618530273,633025,TMV.DE
2021-09-09,29.790000915527344,29.899999618530273,29.25,29.6200008392334,29.6200008392334,389538,TMV.DE
2021-09-10,29.809999465942383,30.06999969482422,29.549999237060547,29.809999465942383,29.809999465942383,461078,TMV.DE
2021-09-13,29.959999084472656,30.0,28.440000534057617,28.489999771118164,28.489999771118164,596373,TMV.DE
2021-09-14,28.40999984741211,29.1299991607666,28.049999237060547,29.030000686645508,29.030000686645508,490821,TMV.DE
2021-09-15,29.010000228881836,29.219999313354492,28.639999389648438,28.889999389648438,28.889999389648438,598367,TMV.DE
2021-09-16,28.989999771118164,29.190000534057617,28.610000610351562,29.170000076293945,29.170000076293945,578151,TMV.DE
2021-09-17,29.3700008392334,29.780000686645508,28.450000762939453,28.450000762939453,28.450000762939453,2145305,TMV.DE
2021-09-20,28.100000381469727,28.110000610351562,26.40999984741211,27.6200008392334,27.6200008392334,922069,TMV.DE
2021-09-21,27.59000015258789,27.68000030517578,26.81999969482422,27.299999237060547,27.299999237060547,697828,TMV.DE
2021-09-22,27.459999084472656,27.5,26.5,27.139999389648438,27.139999389648438,508307,TMV.DE
2021-09-23,27.15999984741211,27.899999618530273,27.1200008392334,27.6299991607666,27.6299991607666,424566,TMV.DE
2021-09-24,27.959999084472656,28.979999542236328,27.770000457763672,28.969999313354492,28.969999313354492,1197247,TMV.DE
2021-09-27,29.100000381469727,29.170000076293945,27.889999389648438,27.889999389648438,27.889999389648438,592490,TMV.DE
2021-09-28,27.8700008392334,27.969999313354492,26.389999389648438,26.389999389648438,26.389999389648438,1179057,TMV.DE
2021-09-29,26.520000457763672,26.8700008392334,25.739999771118164,25.739999771118164,25.739999771118164,885396,TMV.DE
2021-09-30,25.899999618530273,25.969999313354492,25.010000228881836,25.389999389648438,25.389999389648438,1065193,TMV.DE
2021-10-01,25.239999771118164,25.5,24.850000381469727,24.8700008392334,24.8700008392334,811486,TMV.DE
2021-10-04,24.719999313354492,24.719999313354492,23.809999465942383,24.030000686645508,24.030000686645508,844246,TMV.DE
2021-10-05,23.969999313354492,24.040000915527344,23.399999618530273,23.760000228881836,23.760000228881836,821333,TMV.DE
2021-10-06,23.5,23.59000015258789,17.139999389648438,17.854999542236328,17.854999542236328,9978931,TMV.DE
2021-10-07,17.93000030517578,18.25,16.0,16.600000381469727,16.600000381469727,7693843,TMV.DE
2021-10-08,16.53499984741211,16.875,15.899999618530273,15.899999618530273,15.899999618530273,4310825,TMV.DE
2021-10-11,15.75,16.0,13.890000343322754,14.164999961853027,14.164999961853027,7578526,TMV.DE
2021-10-12,13.899999618530273,15.380000114440918,13.4399995803833,14.550000190734863,14.550000190734863,6910345,TMV.DE
2021-10-13,14.600000381469727,14.645000457763672,13.944999694824219,13.989999771118164,13.989999771118164,3953837,TMV.DE
2021-10-14,14.119999885559082,14.524999618530273,13.670000076293945,14.295000076293945,14.295000076293945,3108971,TMV.DE
2021-10-15,14.364999771118164,14.390000343322754,13.619999885559082,13.765000343322754,13.765000343322754,3310812,TMV.DE
2021-10-18,13.675000190734863,14.1899995803833,13.600000381469727,13.779999732971191,13.779999732971191,2810271,TMV.DE
2021-10-19,13.694999694824219,13.890000343322754,12.8100004196167,13.390000343322754,13.390000343322754,6314010,TMV.DE
2021-10-20,13.40999984741211,13.625,13.024999618530273,13.104999542236328,13.104999542236328,3102717,TMV.DE
2021-10-21,13.0649995803833,13.925000190734863,12.819999694824219,13.925000190734863,13.925000190734863,3497957,TMV.DE
2021-10-22,14.0,14.25,13.25,13.25,13.25,3063925,TMV.DE
2021-10-25,13.289999961853027,13.289999961853027,12.779999732971191,12.800000190734863,12.800000190734863,3139411,TMV.DE
2021-10-26,12.800000190734863,13.524999618530273,12.800000190734863,13.274999618530273,13.274999618530273,2654160,TMV.DE
2021-10-27,13.234999656677246,13.524999618530273,12.84000015258789,12.869999885559082,12.869999885559082,2392803,TMV.DE
2021-10-28,12.914999961853027,13.164999961853027,12.84000015258789,12.920000076293945,12.920000076293945,1813710,TMV.DE
2021-10-29,12.970000267028809,13.425000190734863,12.770000457763672,12.899999618530273,12.899999618530273,2311785,TMV.DE
2021-11-01,13.020000457763672,13.329999923706055,12.46500015258789,12.579999923706055,12.579999923706055,3368689,TMV.DE
2021-11-02,12.59000015258789,13.329999923706055,12.5649995803833,13.079999923706055,13.079999923706055,2911229,TMV.DE
2021-11-03,13.5,15.039999961853027,13.5,14.515000343322754,14.515000343322754,5710401,TMV.DE
2021-11-04,14.899999618530273,14.899999618530273,14.0600004196167,14.470000267028809,14.470000267028809,2934357,TMV.DE
2021-11-05,14.395000457763672,14.585000038146973,14.029999732971191,14.119999885559082,14.119999885559082,2490707,TMV.DE
2021-11-08,14.170000076293945,14.930000305175781,14.109999656677246,14.604999542236328,14.604999542236328,2193025,TMV.DE
2021-11-09,14.720000267028809,14.720000267028809,14.300000190734863,14.53499984741211,14.53499984741211,1670447,TMV.DE
2021-11-10,14.515000343322754,15.145000457763672,13.46500015258789,13.5,13.5,4838305,TMV.DE
2021-11-11,13.555000305175781,14.0649995803833,13.40999984741211,13.645000457763672,13.645000457763672,2454377,TMV.DE
2021-11-12,13.585000038146973,13.625,13.180000305175781,13.385000228881836,13.385000228881836,2217136,TMV.DE
2021-11-15,13.494999885559082,13.710000038146973,13.319999694824219,13.545000076293945,13.545000076293945,1892117,TMV.DE
2021-11-16,13.699999809265137,14.135000228881836,13.5649995803833,13.899999618530273,13.899999618530273,2312165,TMV.DE
2021-11-17,13.944999694824219,13.994999885559082,13.529999732971191,13.579999923706055,13.579999923706055,2074127,TMV.DE
2021-11-18,13.595000267028809,13.640000343322754,12.6850004196167,12.739999771118164,12.739999771118164,3300387,TMV.DE
2021-11-19,12.760000228881836,13.324999809265137,12.694999694824219,13.055000305175781,13.055000305175781,3325808,TMV.DE
2021-11-22,13.1850004196167,13.579999923706055,11.925000190734863,11.970000267028809,11.970000267028809,6056400,TMV.DE
2021-11-23,11.899999618530273,12.109999656677246,11.619999885559082,11.899999618530273,11.899999618530273,3440871,TMV.DE
2021-11-24,11.845000267028809,12.074999809265137,11.279999732971191,11.994999885559082,11.994999885559082,3840270,TMV.DE
2021-11-25,12.020000457763672,12.3100004196167,11.600000381469727,11.949999809265137,11.949999809265137,2667164,TMV.DE
2021-11-26,11.8100004196167,12.78499984741211,11.619999885559082,12.350000381469727,12.350000381469727,4853445,TMV.DE
2021-11-29,12.3149995803833,12.430000305175781,11.90999984741211,12.350000381469727,12.350000381469727,2534213,TMV.DE
2021-11-30,12.295000076293945,12.654999732971191,11.850000381469727,11.989999771118164,11.989999771118164,15216194,TMV.DE
2021-12-01,12.100000381469727,12.220000267028809,11.8100004196167,11.854999542236328,11.854999542236328,1833892,TMV.DE
2021-12-02,11.739999771118164,11.850000381469727,10.925000190734863,11.225000381469727,11.225000381469727,3817041,TMV.DE
2021-12-03,11.265000343322754,11.920000076293945,11.095000267028809,11.550000190734863,11.550000190734863,3573501,TMV.DE
2021-12-06,11.470000267028809,11.555000305175781,11.020000457763672,11.229999542236328,11.229999542236328,1612086,TMV.DE
2021-12-07,11.229999542236328,11.229999542236328,11.229999542236328,11.229999542236328,11.229999542236328,0,TMV.DE
2021-12-08,11.585000038146973,12.055000305175781,11.414999961853027,11.654999732971191,11.654999732971191,1851155,TMV.DE
2021-12-09,11.680000305175781,11.899999618530273,11.520000457763672,11.600000381469727,11.600000381469727,1016650,TMV.DE
2021-12-10,11.609999656677246,11.989999771118164,11.354999542236328,11.725000381469727,11.725000381469727,1600533,TMV.DE
2021-12-13,11.630000114440918,11.835000038146973,11.475000381469727,11.5649995803833,11.5649995803833,965419,TMV.DE
2021-12-14,11.515000343322754,11.555000305175781,11.039999961853027,11.109999656677246,11.109999656677246,1714039,TMV.DE
2021-12-15,11.114999771118164,11.479999542236328,10.96500015258789,11.204999923706055,11.204999923706055,1421986,TMV.DE
2021-12-16,11.4399995803833,11.869999885559082,11.03499984741211,11.104999542236328,11.104999542236328,2457041,TMV.DE
2021-12-17,11.0600004196167,11.649999618530273,10.71500015258789,11.609999656677246,11.609999656677246,3713997,TMV.DE
2021-12-20,11.399999618530273,11.854999542236328,11.270000457763672,11.555000305175781,11.555000305175781,1448836,TMV.DE
2021-12-21,11.600000381469727,11.755000114440918,11.300000190734863,11.729999542236328,11.729999542236328,1460345,TMV.DE
2021-12-22,11.795000076293945,12.220000267028809,11.795000076293945,12.0649995803833,12.0649995803833,1438020,TMV.DE
2021-12-23,12.055000305175781,12.229999542236328,11.90999984741211,12.020000457763672,12.020000457763672,1006018,TMV.DE
2021-12-27,12.069999694824219,12.130000114440918,11.880000114440918,11.975000381469727,11.975000381469727,849727,TMV.DE
2021-12-28,11.949999809265137,12.380000114440918,11.949999809265137,12.295000076293945,12.295000076293945,1006270,TMV.DE
2021-12-29,12.234999656677246,12.279999732971191,11.694999694824219,11.8100004196167,11.8100004196167,1223920,TMV.DE
2021-12-30,11.755000114440918,12.029999732971191,11.619999885559082,11.819999694824219,11.819999694824219,871217,TMV.DE
2022-01-03,11.994999885559082,12.84000015258789,11.994999885559082,12.625,12.625,2135704,TMV.DE
2022-01-04,12.65999984741211,12.760000228881836,11.949999809265137,11.949999809265137,11.949999809265137,2152701,TMV.DE
2022-01-05,12.0,12.029999732971191,11.765000343322754,11.845000267028809,11.845000267028809,1459373,TMV.DE
2022-01-06,11.640000343322754,11.6850004196167,11.225000381469727,11.600000381469727,11.600000381469727,1813010,TMV.DE
2022-01-07,11.524999618530273,11.664999961853027,11.300000190734863,11.395000457763672,11.395000457763672,1168599,TMV.DE
2022-01-10,11.460000038146973,11.595000267028809,11.095000267028809,11.1850004196167,11.1850004196167,1604193,TMV.DE
2022-01-11,11.399999618530273,11.720000267028809,11.375,11.550000190734863,11.550000190734863,1070710,TMV.DE
2022-01-12,12.65999984741211,13.765000343322754,12.645000457763672,13.274999618530273,13.274999618530273,5664569,TMV.DE
2022-01-13,13.095000267028809,13.550000190734863,12.819999694824219,12.904999732971191,12.904999732971191,2454423,TMV.DE
2022-01-14,12.71500015258789,12.925000190734863,12.03499984741211,12.149999618530273,12.149999618530273,2385129,TMV.DE
2022-01-17,12.199999809265137,12.744999885559082,12.119999885559082,12.654999732971191,12.654999732971191,1356457,TMV.DE
2022-01-18,12.625,13.229999542236328,12.199999809265137,13.069999694824219,13.069999694824219,2058896,TMV.DE
2022-01-19,12.875,13.880000114440918,12.800000190734863,13.654999732971191,13.654999732971191,2578481,TMV.DE
2022-01-20,13.699999809265137,14.449999809265137,13.670000076293945,14.375,14.375,2738927,TMV.DE
2022-01-21,13.994999885559082,15.055000305175781,13.449999809265137,14.989999771118164,14.989999771118164,4523269,TMV.DE
2022-01-24,14.84000015258789,14.925000190734863,12.484999656677246,12.484999656677246,12.484999656677246,5557662,TMV.DE
2022-01-25,12.649999618530273,13.180000305175781,12.404999732971191,12.494999885559082,12.494999885559082,2478928,TMV.DE
2022-01-26,12.550000190734863,13.34000015258789,12.524999618530273,12.734999656677246,12.734999656677246,1790152,TMV.DE
2022-01-27,12.5,12.765000343322754,12.324999809265137,12.744999885559082,12.744999885559082,1469215,TMV.DE
2022-01-28,12.654999732971191,12.800000190734863,12.295000076293945,12.800000190734863,12.800000190734863,1190567,TMV.DE
2022-01-31,13.0600004196167,13.319999694824219,12.699999809265137,13.319999694824219,13.319999694824219,1154919,TMV.DE
2022-02-01,13.399999618530273,13.630000114440918,13.050000190734863,13.350000381469727,13.350000381469727,1736670,TMV.DE
2022-02-02,14.680000305175781,15.75,14.680000305175781,15.529999732971191,15.529999732971191,7852203,TMV.DE
2022-02-03,15.145000457763672,15.145000457763672,14.4399995803833,15.050000190734863,15.050000190734863,3189986,TMV.DE
2022-02-04,15.180000305175781,16.360000610351562,15.180000305175781,16.010000228881836,16.010000228881836,3590986,TMV.DE
2022-02-07,16.100000381469727,16.100000381469727,15.460000038146973,15.904999732971191,15.904999732971191,1892902,TMV.DE
2022-02-08,15.795000076293945,16.2549991607666,15.204999923706055,16.15999984741211,16.15999984741211,2263566,TMV.DE
2022-02-09,16.135000228881836,16.469999313354492,16.014999389648438,16.065000534057617,16.065000534057617,1815485,TMV.DE
2022-02-10,16.040000915527344,16.1200008392334,15.229999542236328,15.4350004196167,15.4350004196167,2361951,TMV.DE
2022-02-11,15.055000305175781,15.3100004196167,14.640000343322754,14.914999961853027,14.914999961853027,2005410,TMV.DE
2022-02-14,14.255000114440918,15.1899995803833,14.0649995803833,15.170000076293945,15.170000076293945,1886589,TMV.DE
2022-02-15,15.0649995803833,15.460000038146973,15.039999961853027,15.34000015258789,15.34000015258789,1337547,TMV.DE
2022-02-16,15.380000114440918,15.380000114440918,14.770000457763672,14.8100004196167,14.8100004196167,1533050,TMV.DE
2022-02-17,14.760000228881836,15.085000038146973,14.5649995803833,14.71500015258789,14.71500015258789,2501146,TMV.DE
2022-02-18,14.574999809265137,14.829999923706055,14.364999771118164,14.380000114440918,14.380000114440918,1621333,TMV.DE
2022-02-21,14.479999542236328,14.555000305175781,13.880000114440918,13.925000190734863,13.925000190734863,1591381,TMV.DE
2022-02-22,13.319999694824219,13.885000228881836,13.125,13.630000114440918,13.630000114440918,1854276,TMV.DE
2022-02-23,13.649999618530273,14.055000305175781,13.460000038146973,13.46500015258789,13.46500015258789,1208585,TMV.DE
2022-02-24,12.649999618530273,13.4399995803833,12.319999694824219,13.350000381469727,13.350000381469727,3752138,TMV.DE
2022-02-25,13.760000228881836,14.079999923706055,13.354999542236328,13.895000457763672,13.895000457763672,1480832,TMV.DE
2022-02-28,13.354999542236328,14.40999984741211,13.210000038146973,14.364999771118164,14.364999771118164,1932837,TMV.DE
2022-03-01,14.270000457763672,14.300000190734863,13.5649995803833,13.5649995803833,13.5649995803833,1507471,TMV.DE
2022-03-02,13.550000190734863,14.03499984741211,13.444999694824219,13.850000381469727,13.850000381469727,1283431,TMV.DE
2022-03-03,13.694999694824219,13.984999656677246,13.125,13.145000457763672,13.145000457763672,1425551,TMV.DE
2022-03-04,12.960000038146973,13.3100004196167,12.5,12.5,12.5,1537373,TMV.DE
2022-03-07,12.100000381469727,12.329999923706055,11.635000228881836,11.774999618530273,11.774999618530273,2106859,TMV.DE
2022-03-08,11.510000228881836,11.854999542236328,11.430000305175781,11.630000114440918,11.630000114440918,2174613,TMV.DE
2022-03-09,12.069999694824219,12.774999618530273,11.5649995803833,12.770000457763672,12.770000457763672,1746372,TMV.DE
2022-03-10,12.779999732971191,12.779999732971191,11.729999542236328,11.729999542236328,11.729999542236328,2281014,TMV.DE
2022-03-11,12.0,12.479999542236328,11.555000305175781,12.130000114440918,12.130000114440918,2182381,TMV.DE
2022-03-14,12.399999618530273,12.680000305175781,11.744999885559082,12.350000381469727,12.350000381469727,1891266,TMV.DE
2022-03-15,12.3149995803833,12.385000228881836,12.010000228881836,12.199999809265137,12.199999809265137,1232828,TMV.DE
2022-03-16,12.524999618530273,13.010000228881836,12.460000038146973,12.930000305175781,12.930000305175781,1647658,TMV.DE
2022-03-17,13.005000114440918,13.359999656677246,12.71500015258789,12.949999809265137,12.949999809265137,1053032,TMV.DE
2022-03-18,13.015000343322754,13.8100004196167,12.944999694824219,13.8100004196167,13.8100004196167,3361946,TMV.DE
2022-03-21,13.645000457763672,14.140000343322754,13.524999618530273,14.020000457763672,14.020000457763672,1289095,TMV.DE
2022-03-22,13.9399995803833,14.5,13.84000015258789,14.5,14.5,1134433,TMV.DE
2022-03-23,14.4399995803833,14.579999923706055,13.949999809265137,14.0649995803833,14.0649995803833,810110,TMV.DE
2022-03-24,13.949999809265137,14.140000343322754,13.800000190734863,13.8149995803833,13.8149995803833,1032801,TMV.DE
2022-03-25,13.765000343322754,14.130000114440918,13.529999732971191,13.645000457763672,13.645000457763672,1036246,TMV.DE
2022-03-28,13.71500015258789,13.835000038146973,13.270000457763672,13.404999732971191,13.404999732971191,925279,TMV.DE
2022-03-29,13.600000381469727,14.114999771118164,13.569999694824219,14.109999656677246,14.109999656677246,1078267,TMV.DE
2022-03-30,14.0649995803833,14.145000457763672,13.614999771118164,13.8149995803833,13.8149995803833,704259,TMV.DE
2022-03-31,13.989999771118164,14.170000076293945,13.4350004196167,13.46500015258789,13.46500015258789,908152,TMV.DE
2022-04-01,13.529999732971191,13.664999961853027,13.329999923706055,13.4350004196167,13.4350004196167,500862,TMV.DE
2022-04-04,13.600000381469727,13.9399995803833,13.494999885559082,13.875,13.875,606842,TMV.DE
2022-04-05,13.805000305175781,13.895000457763672,13.399999618530273,13.430000305175781,13.430000305175781,800481,TMV.DE
2022-04-06,13.444999694824219,13.484999656677246,12.635000228881836,12.710000038146973,12.710000038146973,1347927,TMV.DE
2022-04-07,12.819999694824219,12.984999656677246,12.574999809265137,12.670000076293945,12.670000076293945,957539,TMV.DE
2022-04-08,12.819999694824219,13.0,12.6899995803833,12.869999885559082,12.869999885559082,608111,TMV.DE
2022-04-11,12.699999809265137,12.734999656677246,12.25,12.5,12.5,956139,TMV.DE
2022-04-12,12.34000015258789,13.170000076293945,12.289999961853027,13.135000228881836,13.135000228881836,1135081,TMV.DE
2022-04-13,12.984999656677246,13.220000267028809,12.835000038146973,13.050000190734863,13.050000190734863,842332,TMV.DE
2022-04-14,13.140000343322754,13.369999885559082,12.899999618530273,13.0,13.0,626971,TMV.DE
2022-04-19,12.875,13.145000457763672,12.550000190734863,13.079999923706055,13.079999923706055,856615,TMV.DE
2022-04-20,12.989999771118164,13.270000457763672,12.760000228881836,12.944999694824219,12.944999694824219,822984,TMV.DE
2022-04-21,12.944999694824219,12.944999694824219,12.944999694824219,12.944999694824219,12.944999694824219,0,TMV.DE
2022-04-22,12.944999694824219,12.944999694824219,12.944999694824219,12.944999694824219,12.944999694824219,0,TMV.DE
2022-04-25,12.21500015258789,12.550000190734863,12.095000267028809,12.460000038146973,12.460000038146973,669460,TMV.DE
2022-04-26,12.460000038146973,12.460000038146973,12.460000038146973,12.460000038146973,12.460000038146973,0,TMV.DE
2022-04-27,12.460000038146973,12.460000038146973,12.460000038146973,12.460000038146973,12.460000038146973,0,TMV.DE
2022-04-28,11.149999618530273,11.574999809265137,10.9399995803833,11.454999923706055,11.454999923706055,1359693,TMV.DE
2022-04-29,11.699999809265137,11.96500015258789,11.449999809265137,11.545000076293945,11.545000076293945,856327,TMV.DE
2022-05-02,11.545000076293945,11.545000076293945,11.545000076293945,11.545000076293945,11.545000076293945,0,TMV.DE
2022-05-03,11.545000076293945,11.800000190734863,11.380000114440918,11.710000038146973,11.710000038146973,1017063,TMV.DE
2022-05-04,12.114999771118164,12.979999542236328,11.345000267028809,12.65999984741211,12.65999984741211,3374284,TMV.DE
2022-05-05,13.100000381469727,13.604999542236328,12.510000228881836,12.510000228881836,12.510000228881836,2097091,TMV.DE
2022-05-06,12.510000228881836,12.510000228881836,12.510000228881836,12.510000228881836,12.510000228881836,0,TMV.DE
2022-05-09,12.510000228881836,12.510000228881836,12.510000228881836,12.510000228881836,12.510000228881836,0,TMV.DE
2022-05-10,12.0,12.005000114440918,11.420000076293945,11.765000343322754,11.765000343322754,1162718,TMV.DE
2022-05-11,11.765000343322754,11.765000343322754,11.765000343322754,11.765000343322754,11.765000343322754,0,TMV.DE
2022-05-12,11.364999771118164,11.9399995803833,11.095000267028809,11.869999885559082,11.869999885559082,1189791,TMV.DE
2022-05-13,11.869999885559082,11.869999885559082,11.869999885559082,11.869999885559082,11.869999885559082,0,TMV.DE
2022-05-16,12.59000015258789,12.8100004196167,12.265000343322754,12.5,12.5,709976,TMV.DE
2022-05-17,12.515000343322754,12.880000114440918,12.475000381469727,12.505000114440918,12.505000114440918,405586,TMV.DE
2022-05-18,12.460000038146973,12.529999732971191,11.75,11.75,11.75,858010,TMV.DE
2022-05-19,11.75,11.75,11.75,11.75,11.75,0,TMV.DE
2022-05-20,12.204999923706055,12.850000381469727,12.1850004196167,12.449999809265137,12.449999809265137,1224528,TMV.DE
2022-05-23,12.630000114440918,12.78499984741211,12.3149995803833,12.595000267028809,12.595000267028809,814669,TMV.DE
2022-05-24,12.475000381469727,12.600000381469727,12.265000343322754,12.279999732971191,12.279999732971191,639349,TMV.DE
2022-05-25,12.279999732971191,12.279999732971191,12.279999732971191,12.279999732971191,12.279999732971191,0,TMV.DE
2022-05-26,12.520000457763672,12.71500015258789,12.279999732971191,12.71500015258789,12.71500015258789,520447,TMV.DE
2022-05-27,12.71500015258789,12.71500015258789,12.71500015258789,12.71500015258789,12.71500015258789,0,TMV.DE
2022-05-30,12.71500015258789,12.71500015258789,12.71500015258789,12.71500015258789,12.71500015258789,0,TMV.DE
2022-05-31,13.34000015258789,13.399999618530273,12.9399995803833,13.020000457763672,13.020000457763672,1017612,TMV.DE
2022-06-01,13.074999809265137,13.15999984741211,12.869999885559082,12.869999885559082,12.869999885559082,682009,TMV.DE
2022-06-02,12.869999885559082,12.869999885559082,12.869999885559082,12.869999885559082,12.869999885559082,0,TMV.DE
2022-06-03,12.869999885559082,12.869999885559082,12.869999885559082,12.869999885559082,12.869999885559082,0,TMV.DE
2022-06-06,13.15999984741211,13.524999618530273,13.109999656677246,13.350000381469727,13.350000381469727,513172,TMV.DE
2022-06-07,13.140000343322754,13.180000305175781,12.585000038146973,12.770000457763672,12.770000457763672,1072658,TMV.DE
2022-06-08,12.734999656677246,12.829999923706055,12.6850004196167,12.765000343322754,12.765000343322754,538903,TMV.DE
2022-06-09,12.720000267028809,12.875,12.295000076293945,12.34000015258789,12.34000015258789,905269,TMV.DE
2022-06-10,12.210000038146973,12.244999885559082,11.675000190734863,11.699999809265137,11.699999809265137,937965,TMV.DE
2022-06-13,11.510000228881836,11.574999809265137,10.850000381469727,10.850000381469727,10.850000381469727,1341683,TMV.DE
2022-06-14,11.0,11.0,10.1899995803833,10.1899995803833,10.1899995803833,1897101,TMV.DE
2022-06-15,10.220000267028809,10.800000190734863,9.906000137329102,10.574999809265137,10.574999809265137,1916241,TMV.DE
2022-06-16,10.510000228881836,10.595000267028809,10.03499984741211,10.399999618530273,10.399999618530273,1035989,TMV.DE
2022-06-17,10.359999656677246,11.225000381469727,10.345000267028809,10.979999542236328,10.979999542236328,0,TMV.DE
2022-06-20,11.029999732971191,11.34000015258789,10.845000267028809,11.305000305175781,11.305000305175781,1121701,TMV.DE
2022-06-21,11.324999809265137,11.654999732971191,11.300000190734863,11.555000305175781,11.555000305175781,625541,TMV.DE
2022-06-22,11.260000228881836,11.880000114440918,11.079999923706055,11.789999961853027,11.789999961853027,652229,TMV.DE
2022-06-23,11.680000305175781,11.880000114440918,11.444999694824219,11.779999732971191,11.779999732971191,692119,TMV.DE
2022-06-24,11.789999961853027,11.850000381469727,10.645000457763672,10.789999961853027,10.789999961853027,1586032,TMV.DE
2022-06-27,10.6850004196167,10.729999542236328,10.154999732971191,10.600000381469727,10.600000381469727,1898369,TMV.DE
2022-06-28,10.619999885559082,10.824999809265137,10.119999885559082,10.204999923706055,10.204999923706055,1325390,TMV.DE
2022-06-29,10.015000343322754,10.0649995803833,9.592000007629395,9.793999671936035,9.793999671936035,1828197,TMV.DE
2022-06-30,9.579999923706055,9.684000015258789,9.12399959564209,9.498000144958496,9.498000144958496,1867640,TMV.DE
2022-07-01,9.434000015258789,9.843999862670898,9.40999984741211,9.53600025177002,9.53600025177002,1411035,TMV.DE
2022-07-04,9.60200023651123,9.670000076293945,9.390000343322754,9.460000038146973,9.460000038146973,642874,TMV.DE
2022-07-05,9.526000022888184,9.612000465393066,8.857999801635742,9.118000030517578,9.118000030517578,1227781,TMV.DE
2022-07-06,9.371999740600586,9.699999809265137,9.324000358581543,9.637999534606934,9.637999534606934,1173034,TMV.DE
2022-07-07,9.77400016784668,9.946000099182129,9.588000297546387,9.89799976348877,9.89799976348877,1057010,TMV.DE
2022-07-08,9.77400016784668,9.868000030517578,9.631999969482422,9.687999725341797,9.687999725341797,58263,TMV.DE
